insert	count
TTTAACTTGGTAATAAAATCA	49
TTAATCTATAGTTCTCCCCGT	42
ATCTGTTTGAAAGAACACAAC	42
ACGTATAGGGTCGAGTACGCC	41
AATATTAGATGTCGTGTCAAA	40
CCCAGAGGAAAGCTGGAATAA	40
AAGGATCCGACGTTTACACCC	39
CATGCACAGAATGATGTCTGA	39
CCCATGTTTACGCATGGGATC	37
TTCCGAGCGAGCCCCGCGACG	37
TCGTATCGTAGCAGTGCCCGC	36
TGAACCCTAGTCAACAGCAAT	35
TCGCGCTCCCTTTCCCCAATC	35
CCGGCCTGTGCGCTGTGCCAT	35
GTCGCCTCCACGATCACTTTA	35
GGCAGCTGATAACAACGCCCC	34
AAGCATATGTTCCACTAAATG	34
GGGTAGAGCGGGATAGGAGCA	34
GAAACTCTGCTACTAGCACGA	33
TAGGGACCGTAGACTTATGTC	33
GTAGCATAAAGGGGTTTATAG	33
GTCTACCCTGTTACAGATACA	33
ATTAACGATGCTGCGTAGTGA	33
TCGCCCCCCGATGGCGTGTCA	32
CTATGCGACATCCTGCTAGGT	32
GTGCACGTTCTCTGAGCTGAC	31
CGGTCCTCACTACGCAAGGAC	31
TTATTTGGAGCAACTGTTAGC	31
TCTAATCTTGGAATTTGCCAC	31
TGCGAACTGATTTGGAGTTCG	31
ATAACGAGGGACACCCTGAGT	31
TTCCGCTCCGTGCTGCTTTTC	31
GACTAACGTAACGTCTAGATT	31
TACTAGATTCACGTAGGGTGT	31
CCGCCGTTGCTGAAGAACGCC	30
TGACCTTAGGAAGCTGGACGT	30
CTCCTTATGTGAGATTTGCTT	30
TCGTTCGAGCCCGTCATTTCC	30
AATCCGCCAAAGACCCATCTT	29
ACCCCCTTCGCGGGGTTAAGG	29
CGGCTGTCCTACTCGAAACGG	28
ATCCGATTCGGTTCGCGTATG	28
CAAGTCCGGCGCCGGAAGAAA	26
TCCCCGATCGCGGGAAACCCC	26
GGAACGCGTTCTGGGGAGCTG	26
GTAGGCTATTCACGCCTTGTA	26
CTTGATCCGATACCGGGGCGC	25
TCACTGCAGACCTATGCTCCA	24
GGAAATAACTTCTACGTACTA	21
GAAGGCTGCAGCTAGATGTTC	21
TAG	2
ACG	2
TCA	2
CGT	2
AGC	2
CCGAAGCGTTAATAATCTTAAACGACTGAGCCTGATTGGGAACACCTACGATGGACAAGAGCC	1
CCT	1
TCCCCTAATTAAGCTCGCGCTCCCTTTCCCCAATC	1
GCC	1
TGCTATGCACCATTGTGCAAGCAAAAACTCCGCCCGTATGAATTATGATGTGATATGGGTTTG	1
TCACTTAATTAAGCGTCTACCCTGTTACAGATACA	1
ATA	1
GTCTACCCTGTTACAGATACATAATTAAGCTCGTTCGAGCCCGTCATTTCC	1
ATCTGTTTGAAAGAACACAACTAATTAAGCCCGGCCTGTGCGCTGTGCCAT	1
ACT	1
ACTTGTTCCAGTGAAACCCAGGGTCCATTGGGCCCAATACGGGTGGTGGTGGAATAGGGAATC	1
CCGCCTAATTAAGCAAGCATATGTTCCACTAAATG	1
CGTCGTATGTTGGAGACAGAGGAATGTCATCGATATCAGAACGGTATCATCGAAGAAGAGTAC	1
TAGGGTAATTAAGCTTCCGAGCGAGCCCCGCGACG	1
TGCGATAATTAAGCACCCCCTTCGCGGGGTTAAGG	1
CCGCACTATAGGAGTTTCGTATGGAAGTCTCCCTTCTAAAACGAGCCTTGGTGTATAAATGTC	1
TCTAATCTTGGAATTTGCCACGGTACCATGGTAGCATAAAGGGGTTTATAG	1
TAGAAGACGTATCAACCGCCACCGGTGCGATAGTTAAGCCAACAATCCCGACCACAGCTGACC	1
TTATTTGGAGCAACTGTTAGCTAATTAAGCTCGTTCGAGCCCGTCATTTCC	1
GAA	1
GAAACTCTGCTACTAGCACGAGGTACCATGTTAATCTATAGTTCTCCCCGT	1
GGTTGTGGGCATACATTCTCTGTAGACAACGTTCAACATACTTCACGCTGAGATCCCCACACG	1
CGTAATCGACGCGGCCTCAATCTCCTCAATGGGAACTAATGACGAATTCTGAGAAGGTGAATT	1
TGAACCCTAGTCAACAGCAATTAATTAAGCTCACTGCAGACCTATGCTCCA	1
TTAATAAGGTTACCTGCCCCGGGCAATTTACCCCTCTGCAAGTTCGAACTTGGTGATGCACGA	1
CTCCTTATGTGAGATTTGCTTGGTACCATGCGGTCCTCACTACGCAAGGAC	1
ACGTATAATTAAGCTGAACCCTAGTCAACAGCAAT	1
AATCCTAATTAAGCCCGCCGTTGCTGAAGAACGCC	1
AATCCGCCAAAGACCCATCTTTAATTAAGCCTCCTTATGTGAGATTTGCTT	1
GTCTATAATTAAGCTACTAGATTCACGTAGGGTGT	1
GGGTATAATTAAGCAATATTAGATGTCGTGTCAAA	1
TCGCCCCCCGATGGCGTGTCAGGTACCATGCTTGATCCGATACCGGGGCGC	1
TGGCAGGCCAAGCGGGTTGTAACGTATATCATTTATCCAAGGCAAACACTAGGGCACAGTGCA	1
TACCCCCCTATTACAGACGATGACACTTAGTAAGTATCGCTGGATAGTTACTCCGCCTATTTT	1
GACTAACGTAACGTCTAGATTGGTACCATGTCACTGCAGACCTATGCTCCA	1
CCGCCTAATTAAGCCAAGTCCGGCGCCGGAAGAAA	1
ATCCGTAATTAAGCCCCATGTTTACGCATGGGATC	1
TCGTATCGTAGCAGTGCCCGCGGTACCATGCATGCACAGAATGATGTCTGA	1
ATTAACGATGCTGCGTAGTGATAATTAAGCTCACTGCAGACCTATGCTCCA	1
AGGATGTAGGTTGCATGCGCCAGGGTCAACCGGCCCGGTCATCCCCCATGGGGTGTGGCATTC	1
GTAGCATAAAGGGGTTTATAGGGTACCATGTCTAATCTTGGAATTTGCCAC	1
TCTAATCTTGGAATTTGCCACGGTACCATGTGCGAACTGATTTGGAGTTCG	1
TCTCTCCCTACCCATATGGTGTAAGGCAGTCTCCAACGTCTAGGCCTGGGTGAAAGGGAACCG	1
TTGTGGCGGACTTTTACACCTAAGAAGCTGAGCTTCGCGGGTTGTAATTCAAGACCGGGGAAG	1
AGG	1
TCACTGCAGACCTATGCTCCAGGTACCATGTCACTGCAGACCTATGCTCCA	1
GACAGATTTCATCTGCGCCGTTTGGACGCACCCGCCGGGGAGAAGTCGGCCGCCAGAGGAACT	1
TGCGATAATTAAGCCAAGTCCGGCGCCGGAAGAAA	1
CTTGATCCGATACCGGGGCGCGGTACCATGTCGTATCGTAGCAGTGCCCGC	1
CCCAGTAATTAAGCTTCCGCTCCGTGCTGCTTTTC	1
CGGCTGTCCTACTCGAAACGGGGTACCATGTGCGAACTGATTTGGAGTTCG	1
CATGCACAGAATGATGTCTGAGGTACCATGTTTAACTTGGTAATAAAATCA	1
CGGCTGTCCTACTCGAAACGGTAATTAAGCCTCCTTATGTGAGATTTGCTT	1
GGT	1
AAGATCGAACGACCCTCGTAGCCGTAATGAGATCACTTCTACCGGCGCGGATGGTTCGTACGG	1
ATCTTAATGAAGGTTTACCAGAGACCCTGGCTTAGAGCGCTGCCTTCACACAGAATGACTAGG	1
AAGCATATGTTCCACTAAATGGGTACCATGACCCCCTTCGCGGGGTTAAGG	1
TAAAAGCCCTTTCACCGTGGAATGCTAGATACGCCAGGCCATGCGCCCCAATGTACGTCACTT	1
TTATTTGGAGCAACTGTTAGCGGTACCATGCCCAGAGGAAAGCTGGAATAA	1
TGCGCAAGTAGGGTCTTGGCCAGTACGAATTGCCTTACGCACCGGCGTAAAACCCGGGTCCGT	1
ATAACTAATTAAGCCATGCACAGAATGATGTCTGA	1
TCGTTCGAGCCCGTCATTTCCGGTACCATGTTCCGAGCGAGCCCCGCGACG	1
GACTAACGTAACGTCTAGATTTAATTAAGCTCGTTCGAGCCCGTCATTTCC	1
GGGTAGAGCGGGATAGGAGCATAATTAAGCTTCCGCTCCGTGCTGCTTTTC	1
CATGCACAGAATGATGTCTGAGGTACCATGATCCGATTCGGTTCGCGTATG	1
GGGTAGAGCGGGATAGGAGCATAATTAAGCCAAGTCCGGCGCCGGAAGAAA	1
TCTAATAATTAAGCCTCCTTATGTGAGATTTGCTT	1
CCGCTCATAACTAAGCGGTTCAGAACCAGTGAGGCAGGTGCCCGGTCGGGAAACCTTCGCAGC	1
TAC	1
ACC	1
AAGGATCCGACGTTTACACCCGGTACCATGGGAAATAACTTCTACGTACTA	1
TTTTGTATCATTCGGCCCGATTGTCAGGGTGTGCAACGCCCCTTAATGTTGCTCCAACGCATA	1
GGCCCGATGGCACCTATAAATAGCCCGTATGCACCCTTAAGTGGTACCTAAGTCGGCTCGGGC	1
CCGGCCTGTGCGCTGTGCCATGGTACCATGTCGTTCGAGCCCGTCATTTCC	1
CCCATTAATTAAGCGACTAACGTAACGTCTAGATT	1
TCTAATCTTGGAATTTGCCACTAATTAAGCGGAACGCGTTCTGGGGAGCTG	1
ATCCGTAATTAAGCCCGGCCTGTGCGCTGTGCCAT	1
CTCCTTATGTGAGATTTGCTTGGTACCATGATCCGATTCGGTTCGCGTATG	1
TTTAAATGCGGAAAGCGACGCGGTAGGCCAATCTCATCGAAGGGGAGAGTGGGGTTTAGTGGG	1
CATGCACAGAATGATGTCTGAGGTACCATGGGAACGCGTTCTGGGGAGCTG	1
ATCTGTAATTAAGCGACTAACGTAACGTCTAGATT	1
ATCAACGGTGACAATGTGATGAGAGTGCGAACCCTCAGAAAGGGATGGGCACTGCTGTTAGGT	1
ATT	1
TTCCGTAATTAAGCTGAACCCTAGTCAACAGCAAT	1
AAA	1
AAC	1
TTTAACTTGGTAATAAAATCAGGTACCATGTGACCTTAGGAAGCTGGACGT	1
TCG	1
CGA	1
GGAACGCGTTCTGGGGAGCTGTAATTAAGCTACTAGATTCACGTAGGGTGT	1
CTCCTTATGTGAGATTTGCTTGGTACCATGCTATGCGACATCCTGCTAGGT	1
TACGCTCATGCAGGTAAGAGCGATCCACGGGACACGCCAATCTCGAACGCCGCACACCTGAGC	1
AACCATTTCGGCGTCTCGGTAGCTCCTTACTAATTCGCTGTACGCGTCGGAACCCTACTTGGC	1
GGGTATAATTAAGCACGTATAGGGTCGAGTACGCC	1
TTG	1
AGTTGCAGACGTGCGATGAGGCCGGAGAGGACGTAAAATTTACTTAGGTAGGTATCGACTGGC	1
CCGGCTAATTAAGCTCTAATCTTGGAATTTGCCAC	1
TCGCGCTCCCTTTCCCCAATCTAATTAAGCACCCCCTTCGCGGGGTTAAGG	1
GGGTAGAGCGGGATAGGAGCAGGTACCATGCATGCACAGAATGATGTCTGA	1
GTGCACGTTCTCTGAGCTGACGGTACCATGCCCATGTTTACGCATGGGATC	1
TGC	1
CTATGTAATTAAGCGAAGGCTGCAGCTAGATGTTC	1
GACCTCAGCAAATCCGGTAGATATATTGGTTCAGATGGATACACCTCACAACAGTTAAATCCT	1
CAT	1
GGTTAGTATTCCTCGCGGACGTTCTTTGGAGTGATAATCCTGCCCGTGACCAGAGAGCCCGGG	1
TCGTATAATTAAGCAATATTAGATGTCGTGTCAAA	1
AGAAGAATAAGATGCTACTACCCAGCAAAGCCGATGCGATGTCCGCCCGTGTGTAACACTCTT	1
AAGCATAATTAAGCACGTATAGGGTCGAGTACGCC	1
CTC	1
AAGATATGGACCCACGTAAGCCCGCGCTGATTGGCACTTTGACGTTCATCGTACAACACACGA	1
AATCTAGTCAGGCTTGTAAAGGCACTAACCATAAATGGGACGGACGTTTGGTACTCCCTCTTC	1
GAT	1
GAGATACAACTCAGGACAGAGTCTCGGAATATTAGTGTTTCGAACGTCACATTTCTTTACCCT	1
TCACTGCAGACCTATGCTCCAGGTACCATGGGAAATAACTTCTACGTACTA	1
GGGTATAATTAAGCAAGGATCCGACGTTTACACCC	1
GGAAATAACTTCTACGTACTAGGTACCATGGAAGGCTGCAGCTAGATGTTC	1
CCG	1
AGATGTTTGAAAGAAACTTAAGAGCAAGTGAGGATTGATGCGCCTATTGATCAGACTTGGGTC	1
TGACCTAATTAAGCTTATTTGGAGCAACTGTTAGC	1
TGA	1
TCCCGTGATATTCAACTAGGGGTTCGAGTGTGATGTCGAATCATCCCAGTTAAATACAGTCGA	1
TAA	1
GTCGCCTCCACGATCACTTTAGGTACCATGAATCCGCCAAAGACCCATCTT	1
GGCAGTAATTAAGCTCACTGCAGACCTATGCTCCA	1
TCGTATCGTAGCAGTGCCCGCTAATTAAGCCGGCTGTCCTACTCGAAACGG	1
ATTAACGATGCTGCGTAGTGATAATTAAGCCCGGCCTGTGCGCTGTGCCAT	1
CGGTCCTCACTACGCAAGGACGGTACCATGCCGGCCTGTGCGCTGTGCCAT	1
CATGCACAGAATGATGTCTGAGGTACCATGGAAGGCTGCAGCTAGATGTTC	1
CCCATTAATTAAGCACGTATAGGGTCGAGTACGCC	1
CTA	1
TCTAATAATTAAGCCAAGTCCGGCGCCGGAAGAAA	1
CTTCATTCGTGTGAGCCTTGTGTACATCTCAAGACCCTAGCCAGCGAATCTGTTGTTGTGTCG	1
TGCGATAATTAAGCGGAACGCGTTCTGGGGAGCTG	1
CCCATGTTTACGCATGGGATCGGTACCATGTCGCGCTCCCTTTCCCCAATC	1
TCGTTTAATTAAGCTCGTATCGTAGCAGTGCCCGC	1
CCC	1
TTAGTCAGCAGCACAAATAGGTCACCTGACTCGACCACATCATGAAGCTGAAGGCCCTGGGCG	1
AAGGATCCGACGTTTACACCCTAATTAAGCCTTGATCCGATACCGGGGCGC	1
TCGCGCTCCCTTTCCCCAATCTAATTAAGCAAGGATCCGACGTTTACACCC	1
CCCAGAGGAAAGCTGGAATAAGGTACCATGACGTATAGGGTCGAGTACGCC	1
ATCCGATTCGGTTCGCGTATGTAATTAAGCGTAGGCTATTCACGCCTTGTA	1
GAAGGCTGCAGCTAGATGTTCTAATTAAGCCTATGCGACATCCTGCTAGGT	1
TCGTTTAATTAAGCCCGCCGTTGCTGAAGAACGCC	1
AATCCGCCAAAGACCCATCTTTAATTAAGCAATATTAGATGTCGTGTCAAA	1
GAC	1
ATCCGATTCGGTTCGCGTATGGGTACCATGTTCCGCTCCGTGCTGCTTTTC	1
AAGGATCCGACGTTTACACCCTAATTAAGCATTAACGATGCTGCGTAGTGA	1
GGAACGCGTTCTGGGGAGCTGTAATTAAGCCGGTCCTCACTACGCAAGGAC	1
CCGCGGCCAATGGTCTCAGGCGGGGGGGAGCCTGTCCTTGCCATTTTCTCTTCCCACACCAGA	1
ATG	1
AAGATTAAGTGCGCTACCCCTGCTTCTGACTCTCTCAACCCCGTATACCCGATCCGCGACGTG	1
AAGGATCCGACGTTTACACCCGGTACCATGATAACGAGGGACACCCTGAGT	1
CGGCTGTCCTACTCGAAACGGGGTACCATGCGGTCCTCACTACGCAAGGAC	1
GTCGCCTCCACGATCACTTTATAATTAAGCTCGCCCCCCGATGGCGTGTCA	1
GGAAATAACTTCTACGTACTATAATTAAGCGACTAACGTAACGTCTAGATT	1
TCCCCGATCGCGGGAAACCCCGGTACCATGATAACGAGGGACACCCTGAGT	1
TTTAACTTGGTAATAAAATCATAATTAAGCTTCCGCTCCGTGCTGCTTTTC	1
GGAAATAACTTCTACGTACTATAATTAAGCCCGCCGTTGCTGAAGAACGCC	1
TGACCTTAGGAAGCTGGACGTGGTACCATGGGGTAGAGCGGGATAGGAGCA	1
GGCAGCTGATAACAACGCCCCGGTACCATGTCGCGCTCCCTTTCCCCAATC	1
ATCTGTAATTAAGCTTATTTGGAGCAACTGTTAGC	1
CCGCCGTTGCTGAAGAACGCCTAATTAAGCGTCGCCTCCACGATCACTTTA	1
ATTAACGATGCTGCGTAGTGATAATTAAGCAAGCATATGTTCCACTAAATG	1
GAAACTCTGCTACTAGCACGATAATTAAGCTGAACCCTAGTCAACAGCAAT	1
AATATTAGATGTCGTGTCAAATAATTAAGCACCCCCTTCGCGGGGTTAAGG	1
CGAAGATCGCCGTTTTGGGATCGCGTACGGGTATCCCGAGCTGGAATTGTCGGAGACCGCAAT	1
